{
  "input_size": 8,
  "seq_len": 60,
  "d_model": 64,
  "latent_dim": 32,
  "nhead": 4,
  "num_layers": 2,
  "dropout": 0.2,
  "feature_cols": [
    "bz_gsm",
    "by_gsm",
    "bt",
    "speed",
    "density",
    "E_field",
    "dDst_dt",
    "smoothed_ssn"
  ],
  "quiet_threshold": -30.0,
  "recon_threshold": 0.15107127130031583,
  "recon_max": 5.130598306655884,
  "alert_green": 0.4,
  "alert_yellow": 0.8,
  "best_val_loss": 0.008610370912838379,
  "class_thresholds": {
    "quiet": {
      "mean": 0.029244894895081718,
      "std": 0.03267152835303476,
      "p50": 0.017404839396476746,
      "p95": 0.11865830980241299,
      "p99": 0.15107127130031583
    },
    "minor": {
      "mean": 0.05313212614537527,
      "std": 0.04999495414782078,
      "p50": 0.02115974947810173,
      "p95": 0.15391049683094016,
      "p99": 0.19916537344455673
    },
    "moderate": {
      "mean": 0.08337940333892281,
      "std": 0.09435826482269193,
      "p50": 0.022181106731295586,
      "p95": 0.27500696778297423,
      "p99": 0.3231953462958336
    },
    "intense": {
      "mean": 0.44841242110853397,
      "std": 0.6595735053916565,
      "p50": 0.23718228936195374,
      "p95": 1.8318480789661364,
      "p99": 3.109597840309143
    },
    "extreme": {
      "mean": 6.903233726620674,
      "std": 6.683262867068991,
      "p50": 5.130598306655884,
      "p95": 16.57441635131836,
      "p99": 39.36917179107644
    }
  }
}